,Listing,Actions,Avg Sold Price,Watchers,Promoted,Bids,Start Date
0,", preview full size imageEducational Toys for 1Year Old Toddlers Baby Boy Girl Learning Elephant Toy GiftEducational Toys for 1Year Old Toddlers Baby Boy Girl Learning Elephant Toy Gift",EditSell Similar,$31.68Free shipping,0,,–,"Mar 21, 2024"
1,", preview full size imageWooden Activity Cube for 1 Year Old Kids, Educational Learning Bead Maze for AgeWooden Activity Cube for 1 Year Old Kids, Educational Learning Bead Maze for Age",EditSell Similar,$46.43Free shipping,0,,–,"Mar 21, 2024"
2,", preview full size imageMontessori Toys for 1 Year Old, 8 in 1 Learning Educational Set Wooden Toys (IncMontessori Toys for 1 Year Old, 8 in 1 Learning Educational Set Wooden Toys (Inc",EditSell Similar,$67.99Free shipping,0,,–,"Mar 20, 2024"
3,", preview full size imageChristmas Toy for 2 Year Old Kids Learning Toy Age 1-3 Boys Girls EducationalChristmas Toy for 2 Year Old Kids Learning Toy Age 1-3 Boys Girls Educational",EditSell Similar,$13.05+$2.19 shipping,0,,–,"Mar 20, 2024"
4,", preview full size imageEducational Toys for 1Year Old Toddlers Baby Boy Girl Learning Elephant Toy GifEducational Toys for 1Year Old Toddlers Baby Boy Girl Learning Elephant Toy Gif",EditSell Similar,$9.80+$5.70 shipping,0,–,0,"Mar 19, 2024"
5,", preview full size imageEducational Toys for 6 Month 1 2 3 Year Old Boy Girl Toddler Learning SmartwatchEducational Toys for 6 Month 1 2 3 Year Old Boy Girl Toddler Learning Smartwatch",EditSell Similar,$22.87Free shipping,0,,–,"Mar 19, 2024"
6,", preview full size imageMontessori Toys Wooden Educational Learning Toys for 1 2 3 4 Year Old, ToddlerMontessori Toys Wooden Educational Learning Toys for 1 2 3 4 Year Old, Toddler",EditSell Similar,$18.72Free shipping,0,–,–,"Mar 19, 2024"
7,", preview full size imageMontessori Toys for 1 Year Old, 8 in 1 Learning Educational Set Wooden Toys (...Montessori Toys for 1 Year Old, 8 in 1 Learning Educational Set Wooden Toys (...",EditSell Similar,$65.29Free shipping,0,,–,"Mar 19, 2024"
8,", preview full size imageWooden Activity Cube for 1 Year Old Kids, Educational Learning Bead Maze for Wooden Activity Cube for 1 Year Old Kids, Educational Learning Bead Maze for ",EditSell Similar,$55.36Free shipping,0,,–,"Mar 18, 2024"
9,", preview full size imageEducational Toys for 6 Month 1 2 3 Year Old Boy Girl Toddler Learning SmartwatchEducational Toys for 6 Month 1 2 3 Year Old Boy Girl Toddler Learning Smartwatch",EditSell Similar,$5.00+$5.70 shipping,0,–,0,"Mar 18, 2024"
10,", preview full size imageEducational Learning Toys for Kids Toddlers Age 3 4 5 6 7 8 Years Old Boys GirlEducational Learning Toys for Kids Toddlers Age 3 4 5 6 7 8 Years Old Boys Girl",EditSell Similar,$18.89Free shipping,1,,–,"Mar 16, 2024"
11,", preview full size imageMontessori Toys Wooden Educational Learning Toys for 1 2 3 4 Year Old, ToddlerMontessori Toys Wooden Educational Learning Toys for 1 2 3 4 Year Old, Toddler",EditSell Similar,$22.29Free shipping,0,,–,"Mar 15, 2024"
12,", preview full size imageOOOK Montessori Toys for 1 2 Year Old, 7 in 1 Learning Educational Wooden ToysOOOK Montessori Toys for 1 2 Year Old, 7 in 1 Learning Educational Wooden Toys",EditSell Similar,$66.60Free shipping,0,,–,"Mar 15, 2024"
13,", preview full size imageEducational Learning Musical Toy for Baby Toddler Kid 1 2 3 4 Year Old Boy GirlsEducational Learning Musical Toy for Baby Toddler Kid 1 2 3 4 Year Old Boy Girls",EditSell Similar,$17.90Free shipping,0,–,–,"Mar 14, 2024"
14,", preview full size imagePretend smartwatch with lights music Educational Toys for 6 Month 1 2 3 Year OldPretend smartwatch with lights music Educational Toys for 6 Month 1 2 3 Year Old",EditSell Similar,$16.12Free shipping,0,–,–,"Mar 12, 2024"
15,", preview full size image3 in 1 Educational Toys for Kids 3 4 5 6 7 Year Old, Preschool Learning3 in 1 Educational Toys for Kids 3 4 5 6 7 Year Old, Preschool Learning",EditSell Similar,$33.42Free shipping,0,–,–,"Mar 10, 2024"
16,", preview full size imageToys For 1 Year Old Boy Girl Gifts Educational Birthday Toddler Baby Driving NewToys For 1 Year Old Boy Girl Gifts Educational Birthday Toddler Baby Driving New",EditSell Similar,$15.98Free shipping,0,,–,"Mar 9, 2024"
17,", preview full size imageLearning Toys for 3 4 5 6 Year Old Boy Gifts,Educational Sight Words Flash Learning Toys for 3 4 5 6 Year Old Boy Gifts,Educational Sight Words Flash ",EditSell Similar,$21.31Free shipping,0,,–,"Mar 9, 2024"
18,", preview full size image1pcs Educational Toys For 2 Year Olds Toddlers Kids Boy Girl New Learning Tablet1pcs Educational Toys For 2 Year Olds Toddlers Kids Boy Girl New Learning Tablet",EditSell Similar,$19.66Free shipping,0,,–,"Mar 7, 2024"
19,", preview full size imageEducational Toys For 6 Month 1 2 3 year Old Boy Girl Toddler Learning SmartwatchEducational Toys For 6 Month 1 2 3 year Old Boy Girl Toddler Learning Smartwatch",EditSell Similar,$12.99Free shipping,0,,–,"Mar 7, 2024"
20,", preview full size image Interactive Learning & Education Toys for 2+ Year Old %7c Alphabet, Green Interactive Learning & Education Toys for 2+ Year Old %7c Alphabet, Green",EditSell Similar,$38.64Free shipping,0,–,–,"Mar 7, 2024"
21,", preview full size imageEducational Toys for 6 Month 1 2 3 Year Old Boy Girl Toddler Learning SmartwatchEducational Toys for 6 Month 1 2 3 Year Old Boy Girl Toddler Learning Smartwatch",EditSell Similar,$17.06Free shipping,0,–,–,"Mar 7, 2024"
22,", preview full size imageToddler Talking Flash Card Educational Montessori Learning Toys for 1-6 Year OldToddler Talking Flash Card Educational Montessori Learning Toys for 1-6 Year Old",EditSell Similar,$22.72Free shipping,0,,–,"Mar 6, 2024"
23,", preview full size imageSensory Stacking Blocks for Toddlers - Educational Learning Toys for 1-Year-OldsSensory Stacking Blocks for Toddlers - Educational Learning Toys for 1-Year-Olds",EditSell Similar,$27.99Free shipping,0,–,–,"Mar 6, 2024"
24,", preview full size imageWooden Activity Cube 8In1 Montessori Toy for 1+Year Old Educational Learning ToyWooden Activity Cube 8In1 Montessori Toy for 1+Year Old Educational Learning Toy",EditSell Similar,$37.70Free shipping,0,,–,"Mar 6, 2024"
25,", preview full size imageWooden Activity Cube for 1 Year Old Kids, Educational Learning Bead MazeWooden Activity Cube for 1 Year Old Kids, Educational Learning Bead Maze",EditSell Similar,$52.97Free shipping,0,–,–,"Mar 5, 2024"
26,", preview full size imageSYHLN Learning Toys for 1 2 3 Year Old Girl Boy Gifts,Educational Montessori forSYHLN Learning Toys for 1 2 3 Year Old Girl Boy Gifts,Educational Montessori for",EditSell Similar,$19.87Free shipping,0,,–,"Mar 5, 2024"
27,", preview full size imageSYHLN Learning Toys for 1 2 3 Year Old Girl Boy Gifts,Educational Montessori forSYHLN Learning Toys for 1 2 3 Year Old Girl Boy Gifts,Educational Montessori for",EditSell Similar,$17.23Free shipping,0,,–,"Mar 5, 2024"
28,", preview full size imageEducational Wooden Activity Cube Toy for 1 Year Old - Learning & DevelopmentEducational Wooden Activity Cube Toy for 1 Year Old - Learning & Development",EditSell Similar,$33.99Free shipping,0,–,–,"Mar 5, 2024"
29,", preview full size imageWooden Educational Shape Sorting Toy for 1-3 Year Olds - Montessori Learning ...Wooden Educational Shape Sorting Toy for 1-3 Year Olds - Montessori Learning ...",EditSell Similar,$35.99Free shipping,0,–,–,"Mar 5, 2024"
30,", preview full size image 3 in 1 Educational Toys for Kids 3 4 5 6 7 Year Old, Preschool Learning  3 in 1 Educational Toys for Kids 3 4 5 6 7 Year Old, Preschool Learning ",EditSell Similar,$36.67Free shipping,0,,–,"Mar 5, 2024"
31,", preview full size image Interactive Learning & Education Toys for 2+ Year Old %7c Alphabet, Green Interactive Learning & Education Toys for 2+ Year Old %7c Alphabet, Green",EditSell Similar,$39.22Free shipping,0,–,–,"Mar 4, 2024"
32,", preview full size imageEducational Toys for 6 Month 1 2 3 Year Old Boy Girl Toddler Learning SmartwatchEducational Toys for 6 Month 1 2 3 Year Old Boy Girl Toddler Learning Smartwatch",EditSell Similar,$9.25+$4.87 shipping,0,–,–,"Mar 4, 2024"
33,", preview full size imageWooden Activity Cube for 1 Year Old Kids, Educational Learning Bead Maze for Wooden Activity Cube for 1 Year Old Kids, Educational Learning Bead Maze for ",EditSell Similar,$51.38Free shipping,0,–,–,"Mar 3, 2024"
34,", preview full size imageToy for 1 Year Olds Developmental Toddler Toy Educational Walk Learning +SpanishToy for 1 Year Olds Developmental Toddler Toy Educational Walk Learning +Spanish",EditSell Similar,$42.99Free shipping,0,–,–,"Mar 2, 2024"
35,", preview full size imageWooden Activity Cube for 1 Year Old Kids, Educational Learning Bead Maze for Wooden Activity Cube for 1 Year Old Kids, Educational Learning Bead Maze for ",EditSell Similar,$51.38Free shipping,0,–,–,"Mar 1, 2024"
36,", preview full size imageEducational Toys For 1-6 Year Olds Toddlers Baby Kids Boy Girl Learning TabletEducational Toys For 1-6 Year Olds Toddlers Baby Kids Boy Girl Learning Tablet",EditSell Similar,$13.99Free shipping,0,,–,"Feb 29, 2024"
37,", preview full size image Learning Toys and Gifts for Kids 1 2 3 Years Old, Toddler Educational Toys,  Learning Toys and Gifts for Kids 1 2 3 Years Old, Toddler Educational Toys, ",EditSell Similar,$27.18Free shipping,0,–,–,"Feb 28, 2024"
38,", preview full size imageWooden Activity Cube for 1 Year Old Kids, Educational Learning Bead Maze for Wooden Activity Cube for 1 Year Old Kids, Educational Learning Bead Maze for ",EditSell Similar,$55.36Free shipping,0,,–,"Feb 28, 2024"
39,", preview full size imageKids Binoculars Toy for Age 1-12 Years Old Girls Boys Educational Learning GiftsKids Binoculars Toy for Age 1-12 Years Old Girls Boys Educational Learning Gifts",EditSell Similar,$11.49Free shipping,0,,–,"Feb 28, 2024"
40,", preview full size imageTalking Flash Cards Learning Toys for 1-6 Years Old Boys Girls, Educational ToddTalking Flash Cards Learning Toys for 1-6 Years Old Boys Girls, Educational Todd",EditSell Similar,$35.99Free shipping,0,,–,"Feb 26, 2024"
41,", preview full size imageEducational Learning Musical Toy for Baby Toddler Kid 1 2 3 4 Year Old Boy GirlsEducational Learning Musical Toy for Baby Toddler Kid 1 2 3 4 Year Old Boy Girls",EditSell Similar,$13.77+$5.00 shipping,0,,–,"Feb 25, 2024"
42,", preview full size imageBaby Toy Phone for 1 2Year Old Light Music Educational Call & Chat Learning PlayBaby Toy Phone for 1 2Year Old Light Music Educational Call & Chat Learning Play",EditSell Similar,$21.33Free shipping,0,–,–,"Feb 25, 2024"
43,", preview full size imageSensory Stacking Blocks for 1-Year-Old Boys & Girls - Educational Learning ToysSensory Stacking Blocks for 1-Year-Old Boys & Girls - Educational Learning Toys",EditSell Similar,$25.99Free shipping,0,,–,"Feb 24, 2024"
44,", preview full size imageWooden Educational Shape Sorting Toy for 1-3 Year Olds - Montessori Learning ...Wooden Educational Shape Sorting Toy for 1-3 Year Olds - Montessori Learning ...",EditSell Similar,$44.99Free shipping,0,,–,"Feb 24, 2024"
45,", preview full size imageTalking Flash Cards Learning Toys for 1-6 Years Old Boys Girls, Educational ToddTalking Flash Cards Learning Toys for 1-6 Years Old Boys Girls, Educational Todd",EditSell Similar,$58.82Free shipping,0,–,–,"Feb 23, 2024"
46,", preview full size imageMontessori Toys for 1 2 3 Years Old Boys Girls,Toddler Learning Educational WoodMontessori Toys for 1 2 3 Years Old Boys Girls,Toddler Learning Educational Wood",EditSell Similar,$15.99Free shipping,0,,–,"Feb 21, 2024"
47,", preview full size imageEducational Learning Book gift set of 10 for Toddlers Baby Kids 1 2 3 Years OldEducational Learning Book gift set of 10 for Toddlers Baby Kids 1 2 3 Years Old",EditSell Similar,$22.88Free shipping,0,,–,"Feb 19, 2024"
48,", preview full size imageBIMBLY Montessori Toys for 1 Year Old 6 in 1 Learning Educational  Wooden Toys85BIMBLY Montessori Toys for 1 Year Old 6 in 1 Learning Educational  Wooden Toys85",EditSell Similar,$48.00Free shipping,0,,–,"Feb 18, 2024"
49,", preview full size imageFire Truck Toy with Music & Lights - Educational Learning Toy for 1-3 Year OldsFire Truck Toy with Music & Lights - Educational Learning Toy for 1-3 Year Olds",EditSell Similar,$19.99+$8.95 shipping,0,,–,"Feb 17, 2024"
0,", preview full size imageWooden Busy House - 14-in-1 Preschool Learning Educational Toy for 3+ Year OldsWooden Busy House - 14-in-1 Preschool Learning Educational Toy for 3+ Year Olds",EditSell Similar,$59.84Free shipping,0,,–,"Feb 17, 2024"
1,", preview full size imageEducational Toys for Kids Age 6 Months 1 2 3 Years Old Baby Toddlers Smart WatchEducational Toys for Kids Age 6 Months 1 2 3 Years Old Baby Toddlers Smart Watch",EditSell Similar,$26.99Free shipping,0,,–,"Feb 14, 2024"
2,", preview full size imageEducational Wooden Activity Cube - Montessori Learning Toy for 1 Year Old GirlsEducational Wooden Activity Cube - Montessori Learning Toy for 1 Year Old Girls",EditSell Similar,$60.79Free shipping,0,,–,"Feb 13, 2024"
3,", preview full size image Wooden Montessori Toys for 1+ Year Old, 9 in 1 Learning 12-18 Education Box Wooden Montessori Toys for 1+ Year Old, 9 in 1 Learning 12-18 Education Box",EditSell Similar,$69.27Free shipping,0,,–,"Feb 12, 2024"
4,", preview full size imageToddler Puzzles Animals Wooden Jigsaw for 1-3 Year Old Kids Educational NEW NIBToddler Puzzles Animals Wooden Jigsaw for 1-3 Year Old Kids Educational NEW NIB",EditSell Similar,$19.99+$8.00 shipping,0,,–,"Feb 10, 2024"
5,", preview full size imageMontessori Toys for 1 2 3 Years Old Boys Girls,Toddler Learning Educational WoodMontessori Toys for 1 2 3 Years Old Boys Girls,Toddler Learning Educational Wood",EditSell Similar,$13.63Free shipping,10,–,–,"Feb 10, 2024"
6,", preview full size imageBusy Board Montessori Toys for 1-4 Years Old Educational Activities for LearningBusy Board Montessori Toys for 1-4 Years Old Educational Activities for Learning",EditSell Similar,$16.99+$8.95 shipping,0,,–,"Feb 5, 2024"
7,", preview full size imageLearning Toys and Gifts for Kids 1 2 3 Years Old Toddler Educational ToysLearning Toys and Gifts for Kids 1 2 3 Years Old Toddler Educational Toys",EditSell Similar,$21.91Free shipping,0,,–,"Feb 5, 2024"
8,", preview full size image Interactive Learning & Education Toys for 2+ Year Old %7c Alphabet Learning  Interactive Learning & Education Toys for 2+ Year Old %7c Alphabet Learning ",EditSell Similar,$33.70Free shipping,0,–,–,"Feb 5, 2024"
9,", preview full size imageEducational Toys for 6 Month 1 2 3 Year Old Boy Girl Toddler Learning SmartwatchEducational Toys for 6 Month 1 2 3 Year Old Boy Girl Toddler Learning Smartwatch",EditSell Similar,$13.00Free shipping,0,–,–,"Feb 4, 2024"
10,", preview full size image Interactive Learning & Education Toys for 2+ Year Old %7c Alphabet Learning  Interactive Learning & Education Toys for 2+ Year Old %7c Alphabet Learning ",EditSell Similar,$40.60Free shipping,0,–,–,"Feb 3, 2024"
11,", preview full size image Wooden Activity Cube for 1 Year Old Kids, Educational Learning Bead Maze for  Wooden Activity Cube for 1 Year Old Kids, Educational Learning Bead Maze for ",EditSell Similar,$51.38Free shipping,0,–,–,"Feb 3, 2024"
12,", preview full size imageMontessori Toy for 1 Year Old - Wooden Activity Cube - Educational Learning ToyMontessori Toy for 1 Year Old - Wooden Activity Cube - Educational Learning Toy",EditSell Similar,$32.29Free shipping,0,,–,"Feb 1, 2024"
13,", preview full size image Interactive Learning & Education Toys for 2+ Year Old %7c Alphabet Learning  Interactive Learning & Education Toys for 2+ Year Old %7c Alphabet Learning ",EditSell Similar,$38.64Free shipping,0,–,–,"Feb 1, 2024"
14,", preview full size imageAlphabet Learning Toy for 1-2 Year Old Boys and Girls - Educational Toddler ToyAlphabet Learning Toy for 1-2 Year Old Boys and Girls - Educational Toddler Toy",EditSell Similar,$33.99Free shipping,0,,–,"Jan 31, 2024"
15,", preview full size imageEducational Learning Dolls - Perfect Baby Toy Gift for 1-Year-Old Boys & Girls Educational Learning Dolls - Perfect Baby Toy Gift for 1-Year-Old Boys & Girls ",EditSell Similar,$16.00+$2.29 shipping,1,–,–,"Jan 28, 2024"
16,", preview full size imageMusical Learning Toy for 1 Year Old - Educational Baby Bus with Animal BlocksMusical Learning Toy for 1 Year Old - Educational Baby Bus with Animal Blocks",EditSell Similar,$59.99Free shipping,0,–,–,"Jan 28, 2024"
17,", preview full size imageEducational Toys For 1 To 3 Year Old Toddlers VTech Pull and Sing Puppy.Educational Toys For 1 To 3 Year Old Toddlers VTech Pull and Sing Puppy.",EditSell Similar,$19.95+$8.95 shipping,2,,–,"Jan 24, 2024"
18,", preview full size imageEducational Toys For 1-6 Year Olds Toddlers Baby Kids Boy Girl Learning TabletEducational Toys For 1-6 Year Olds Toddlers Baby Kids Boy Girl Learning Tablet",EditSell Similar,$13.98Free shipping,0,,–,"Jan 19, 2024"
19,", preview full size imageEducational Toys For 1-6 Year Olds Toddlers Baby Kids Boy Girl Learning TabletEducational Toys For 1-6 Year Olds Toddlers Baby Kids Boy Girl Learning Tablet",EditSell Similar,$13.96Free shipping,0,,–,"Jan 17, 2024"
20,", preview full size imageEducational Toys For 6 Month 1 2 3 year Old Boy Girl Toddler Learning SmartwatchEducational Toys For 6 Month 1 2 3 year Old Boy Girl Toddler Learning Smartwatch",EditSell Similar,$16.52Free shipping,0,–,–,"Jan 17, 2024"
21,", preview full size imageEducational Toys For 6 Month 1 2 3 year Old Boy Girl Toddler Learning SmartwatchEducational Toys For 6 Month 1 2 3 year Old Boy Girl Toddler Learning Smartwatch",EditSell Similar,$16.52Free shipping,0,–,–,"Jan 16, 2024"
22,", preview full size image32-Piece Wooden Stacking Rings Board - Educational Learning Toy for 1 Year Olds32-Piece Wooden Stacking Rings Board - Educational Learning Toy for 1 Year Olds",EditSell Similar,$47.97Free shipping,0,,–,"Jan 16, 2024"
23,", preview full size imageEducational Wooden Activity Cube - Montessori Learning Toy for 1 Year Old GirlsEducational Wooden Activity Cube - Montessori Learning Toy for 1 Year Old Girls",EditSell Similar,$65.98Free shipping,0,,–,"Jan 13, 2024"
24,", preview full size imageEducational Toys For 1-6 Year Olds Toddlers Baby Kids Boy Girl Learning TabletEducational Toys For 1-6 Year Olds Toddlers Baby Kids Boy Girl Learning Tablet",EditSell Similar,$13.98Free shipping,0,,–,"Jan 12, 2024"
25,", preview full size image7 in 1 Educational Learning Toys for Toddlers Kids Age 2 3 4 5 6 7 8 Years Old7 in 1 Educational Learning Toys for Toddlers Kids Age 2 3 4 5 6 7 8 Years Old",EditSell Similar,$21.99Free shipping,0,,–,"Jan 10, 2024"
26,", preview full size imageEducational Learning Toys for 1-3 Years Old Kid""s Running Shoes Car Shooting ToyEducational Learning Toys for 1-3 Years Old Kid""s Running Shoes Car Shooting Toy",EditSell Similar,$11.68Free shipping,0,,–,"Jan 9, 2024"
27,", preview full size imageVTech ""Pull & Sing"" Puppy  Educational Toys For 1 To 3 Year Old Toddlers WORKSVTech ""Pull & Sing"" Puppy  Educational Toys For 1 To 3 Year Old Toddlers WORKS",EditSell Similar,$8.00+$8.95 shipping,0,–,–,"Jan 9, 2024"
28,", preview full size imageEducational for 6 Month 1 2 3 Year Old Boy Girl Toddler Learning SmartwatchEducational for 6 Month 1 2 3 Year Old Boy Girl Toddler Learning Smartwatch",EditSell Similar,$32.48Free shipping,0,,–,"Jan 8, 2024"
29,", preview full size imageEducational Toys for 6 Month 1 2 3 Year Old Boy Girl Toddler Learning SmartwatchEducational Toys for 6 Month 1 2 3 Year Old Boy Girl Toddler Learning Smartwatch",EditSell Similar,$17.59Free shipping,1,–,–,"Jan 6, 2024"
30,", preview full size imageMagnetic Drawing Board - Educational Learning Toy for 1-2 Year Old Boys/GirlsMagnetic Drawing Board - Educational Learning Toy for 1-2 Year Old Boys/Girls",EditSell Similar,$51.99Free shipping,0,,–,"Jan 5, 2024"
31,", preview full size image Montessori Toys for Toddlers 1, 2, 3 Year Old, Wooden Shape Learning Puzzles  Montessori Toys for Toddlers 1, 2, 3 Year Old, Wooden Shape Learning Puzzles ",EditSell Similar,$27.29Free shipping,0,–,–,"Jan 4, 2024"
32,", preview full size imageEducational Toys for 6 Month 1 2 3 Year Old Boy Girl Toddler Learning SmartwatchEducational Toys for 6 Month 1 2 3 Year Old Boy Girl Toddler Learning Smartwatch",EditSell Similar,$9.29Free shipping,1,–,–,"Jan 2, 2024"
33,", preview full size imageKids Boy Girl Educational Toys For 1-6 Year Old Toddlers Baby Learning Tablet USKids Boy Girl Educational Toys For 1-6 Year Old Toddlers Baby Learning Tablet US",EditSell Similar,$13.27Free shipping,0,,–,"Dec 30, 2023"
34,", preview full size imageEducational Toys Baby Tablet For 1-6 year old Boy Girl Learning & Playing GiftEducational Toys Baby Tablet For 1-6 year old Boy Girl Learning & Playing Gift",EditSell Similar,$11.99Free shipping,0,,–,"Dec 28, 2023"
35,", preview full size imageTalking Flash Cards for 1 2 3 4 5 Year Old Toddler Baby Learning Educational ToyTalking Flash Cards for 1 2 3 4 5 Year Old Toddler Baby Learning Educational Toy",EditSell Similar,$13.95Free shipping,0,,–,"Dec 25, 2023"
36,", preview full size imageEducational Learning Toy for Kid Toddlers Age 1 2 3 4 5 6 7 8 Years Old Girl BoyEducational Learning Toy for Kid Toddlers Age 1 2 3 4 5 6 7 8 Years Old Girl Boy",EditSell Similar,$12.99Free shipping,0,,–,"Dec 24, 2023"
37,", preview full size imageLaugh & Learn Light-up Vacuums Education Toys For 1 2 3 4 Year Old - Learning Laugh & Learn Light-up Vacuums Education Toys For 1 2 3 4 Year Old - Learning ",EditSell Similar,$26.52Free shipping,0,–,–,"Dec 24, 2023"
38,", preview full size imageEducational Learning Musical Toy for Baby Toddler Kid 1 2 3 4 Year Old Boy GirlsEducational Learning Musical Toy for Baby Toddler Kid 1 2 3 4 Year Old Boy Girls",EditSell Similar,$48.70Free shipping,0,–,–,"Dec 23, 2023"
39,", preview full size imagePull Along Toy Educational Toy Learn Walk Toy for Children 1 Year Olds KidsPull Along Toy Educational Toy Learn Walk Toy for Children 1 Year Olds Kids",EditSell Similar,$20.43Free shipping,0,,–,"Dec 22, 2023"
40,", preview full size imageBaby Tablet Educational Toy For 1-6 Year Old Toddler Boys Girls Learning EnglishBaby Tablet Educational Toy For 1-6 Year Old Toddler Boys Girls Learning English",EditSell Similar,$10.11Free shipping,0,,–,"Dec 21, 2023"
41,", preview full size imageEducational Toys for Kids Toddlers 1 2 3 Year Olds Learning Turn & Learn DriverEducational Toys for Kids Toddlers 1 2 3 Year Olds Learning Turn & Learn Driver",EditSell Similar,$17.99Free shipping,0,–,–,"Dec 19, 2023"
42,", preview full size imageEducational Learning Book gift set of 10 for Toddlers Baby Kids 1 2 3 Years OldEducational Learning Book gift set of 10 for Toddlers Baby Kids 1 2 3 Years Old",EditSell Similar,$23.13Free shipping,0,,–,"Dec 19, 2023"
43,", preview full size image3 in 1 Educational Toys for Kids 3 4 5 6 7 Year Old, Preschool Learning Activiti3 in 1 Educational Toys for Kids 3 4 5 6 7 Year Old, Preschool Learning Activiti",EditSell Similar,$32.27Free shipping,0,–,–,"Dec 17, 2023"
44,", preview full size image Learning Toys and Gifts for Kids 1 2 3 Years Old, Toddler Educational Toys,  Learning Toys and Gifts for Kids 1 2 3 Years Old, Toddler Educational Toys, ",EditSell Similar,$21.82Free shipping,0,,–,"Dec 17, 2023"
45,", preview full size imageEducational Toys for 1Year Old Toddlers Baby Boy Girl Learning Elephant Toy GifEducational Toys for 1Year Old Toddlers Baby Boy Girl Learning Elephant Toy Gif",EditSell Similar,$25.14Free shipping,2,,–,"Dec 17, 2023"
46,", preview full size imageEducational Toys for 6 Month 1 2 3 Year Old Boy Girl Toddler Learning SmartwatchEducational Toys for 6 Month 1 2 3 Year Old Boy Girl Toddler Learning Smartwatch",EditSell Similar,$27.24Free shipping,0,,–,"Dec 17, 2023"
47,", preview full size image Montessori Toys for 1 2 3 Years Old Boys Girls,Toddler Learning Educational C Montessori Toys for 1 2 3 Years Old Boys Girls,Toddler Learning Educational C",EditSell Similar,$18.73Free shipping,0,,–,"Dec 16, 2023"
48,", preview full size imageEducational Learning Toys Wooden Activity for 1 2 Year Old FREE SHIPPING Only USEducational Learning Toys Wooden Activity for 1 2 Year Old FREE SHIPPING Only US",EditSell Similar,$23.95Free shipping,0,,–,"Dec 16, 2023"
49,", preview full size imageEducational Toys for 6 Month 1 2 3 Year Old Boy Girl Toddler Learning SmartwatchEducational Toys for 6 Month 1 2 3 Year Old Boy Girl Toddler Learning Smartwatch",EditSell Similar,$13.89Free shipping,0,,–,"Dec 16, 2023"
0,", preview full size imageEducational Learning Toys for Kids Toddlers Babys Age 1- 8 Years Old Girls BoysEducational Learning Toys for Kids Toddlers Babys Age 1- 8 Years Old Girls Boys",EditSell Similar,$12.99Free shipping,0,,–,"Dec 15, 2023"
1,", preview full size imageEducational Learning Phone Toys Gift for Kids Baby Age 1 2 3 4 5 Years Old MusicEducational Learning Phone Toys Gift for Kids Baby Age 1 2 3 4 5 Years Old Music",EditSell Similar,$13.91Free shipping,0,,–,"Dec 14, 2023"
2,", preview full size imageEducational Toys for 6 Month 1 2 3 Year Old Boy Girl Toddler Learning SmartwatchEducational Toys for 6 Month 1 2 3 Year Old Boy Girl Toddler Learning Smartwatch",EditSell Similar,$36.09Free shipping,0,,–,"Dec 13, 2023"
3,", preview full size imageMOJINO Educational Toys for 1-3 Year Old Preschool Learning ActivitiesFarm An...MOJINO Educational Toys for 1-3 Year Old Preschool Learning ActivitiesFarm An...",EditSell Similar,$40.05Free shipping,0,–,–,"Dec 13, 2023"
4,", preview full size imageLearning Toy for Toddlers 1 2 3 Year Old, Montessori Educational Counting,Learning Toy for Toddlers 1 2 3 Year Old, Montessori Educational Counting,",EditSell Similar,$27.85Free shipping,0,,–,"Dec 11, 2023"
5,", preview full size imageEducational Toy For Kids 0 1 2 3 Years Old Boy Girl Toddler Preschool LearningEducational Toy For Kids 0 1 2 3 Years Old Boy Girl Toddler Preschool Learning",EditSell Similar,$15.32Free shipping,0,,–,"Dec 9, 2023"
6,", preview full size imageEducational  for 6 Month 1 2 3 Year Old Boy Girl Toddler Learning SmartwatchEducational  for 6 Month 1 2 3 Year Old Boy Girl Toddler Learning Smartwatch",EditSell Similar,$37.58Free shipping,0,,–,"Dec 9, 2023"
7,", preview full size imageEducational Toys for 1Year Old Toddlers Baby Boy Girl Learning Elephant Toy GifEducational Toys for 1Year Old Toddlers Baby Boy Girl Learning Elephant Toy Gif",EditSell Similar,$24.50Free shipping,0,–,–,"Dec 9, 2023"
8,", preview full size imageEducational Tablet Toys For 1-6 Year Olds Kids Learning & Playing Christmas GiftEducational Tablet Toys For 1-6 Year Olds Kids Learning & Playing Christmas Gift",EditSell Similar,$11.77Free shipping,0,,–,"Dec 8, 2023"
9,", preview full size imageEducational Toys for Kids Toddlers Girls Boys 1 2 3 Year Olds Learning MusicalEducational Toys for Kids Toddlers Girls Boys 1 2 3 Year Olds Learning Musical",EditSell Similar,$36.50Free shipping,2,–,–,"Dec 6, 2023"
10,", preview full size imageEducational Learning Toys for Kids Toddlers Age 3 4 5 6 7 8 Years Old Boys GirlsEducational Learning Toys for Kids Toddlers Age 3 4 5 6 7 8 Years Old Boys Girls",EditSell Similar,$28.99Free shipping,1,–,–,"Dec 6, 2023"
11,", preview full size imageEducational Toy For Kids 0 1 2 3 Years Old Boy Girl Toddler Preschool LearningEducational Toy For Kids 0 1 2 3 Years Old Boy Girl Toddler Preschool Learning",EditSell Similar,$21.79Free shipping,0,,–,"Dec 4, 2023"
12,", preview full size imageEducational Toy For Kids 0 1 2 3 Years Old Boy Girl Toddler Preschool LearningEducational Toy For Kids 0 1 2 3 Years Old Boy Girl Toddler Preschool Learning",EditSell Similar,$18.79Free shipping,0,,–,"Dec 4, 2023"
13,", preview full size imageMusical Toys For Girls Kids Baby Toddlers 1 2 3 Year Olds Learning & EducationalMusical Toys For Girls Kids Baby Toddlers 1 2 3 Year Olds Learning & Educational",EditSell Similar,$33.50Free shipping,0,,–,"Dec 3, 2023"
14,", preview full size imageEducational Toys For Kids 1 2 3 Year Olds Toddlers Boys Girls Musical LearningEducational Toys For Kids 1 2 3 Year Olds Toddlers Boys Girls Musical Learning",EditSell Similar,$24.99+$10.34 shipping,1,,–,"Dec 1, 2023"
15,", preview full size imageNew Educational Toys For 1-8 Year Olds Toddlers Baby Kids Boy Girl Learning ToysNew Educational Toys For 1-8 Year Olds Toddlers Baby Kids Boy Girl Learning Toys",EditSell Similar,$8.81Free shipping,6,,–,"Nov 30, 2023"
16,", preview full size image7 in 1 Educational Learning Toys for Kids Toddlers Age 2 3 4 5 6 7 8 Years Old7 in 1 Educational Learning Toys for Kids Toddlers Age 2 3 4 5 6 7 8 Years Old",EditSell Similar,$21.99Free shipping,5,,–,"Nov 30, 2023"
17,", preview full size imageKids Educational Learning Tablet Toy for 1-6 Years Old Baby Boys Girls Toys GiftKids Educational Learning Tablet Toy for 1-6 Years Old Baby Boys Girls Toys Gift",EditSell Similar,$12.51Free shipping,0,,–,"Nov 29, 2023"
18,", preview full size imageEducational Tablet Toys For 1-7 Year Olds Toddlers Baby Kids Learning & PlayingEducational Tablet Toys For 1-7 Year Olds Toddlers Baby Kids Learning & Playing",EditSell Similar,$11.83Free shipping,0,,–,"Nov 29, 2023"
19,", preview full size imageEducational Toys for 6 Month 1 2 3 Year Old Boy Girl Toddler Learning SmartwatchEducational Toys for 6 Month 1 2 3 Year Old Boy Girl Toddler Learning Smartwatch",EditSell Similar,$18.31Free shipping,0,–,–,"Nov 29, 2023"
20,", preview full size imageEducational Toys Baby Tablet For 1-6 year old Boy Girl Learning & Playing GiftEducational Toys Baby Tablet For 1-6 year old Boy Girl Learning & Playing Gift",EditSell Similar,$15.99Free shipping,0,,–,"Nov 28, 2023"
21,", preview full size imageEducational Toys Baby Tablet For 1-6 year old Boy Girl Learning & Playing Gift..Educational Toys Baby Tablet For 1-6 year old Boy Girl Learning & Playing Gift..",EditSell Similar,$9.99Free shipping,1,,–,"Nov 28, 2023"
22,", preview full size imageEducational Learning Toys for Toddlers 1 2 3 Year Old Girl Boy Gift for BirthdayEducational Learning Toys for Toddlers 1 2 3 Year Old Girl Boy Gift for Birthday",EditSell Similar,$24.95Free shipping,1,,–,"Nov 26, 2023"
23,", preview full size imageEducational Toys for Kids Toddlers Girls Boys 1 2 3 Year Olds Learning MusicalEducational Toys for Kids Toddlers Girls Boys 1 2 3 Year Olds Learning Musical",EditSell Similar,$27.50Free shipping,5,–,–,"Nov 26, 2023"
24,", preview full size imageEducational Toys for Kids Toddlers Girls Boys 1 2 3 Year Olds Learning MusicalEducational Toys for Kids Toddlers Girls Boys 1 2 3 Year Olds Learning Musical",EditSell Similar,$26.50Free shipping,3,–,–,"Nov 26, 2023"
25,", preview full size imageEducational Toys for Kids Toddlers Girls 1 2 3 Year Olds Learning Musical PinkEducational Toys for Kids Toddlers Girls 1 2 3 Year Olds Learning Musical Pink",EditSell Similar,$34.50Free shipping,1,–,–,"Nov 24, 2023"
26,", preview full size imageEducational Toys for Kids 1 2 3 Year Olds Toddlers Learning Musical Turn & LearnEducational Toys for Kids 1 2 3 Year Olds Toddlers Learning Musical Turn & Learn",EditSell Similar,$23.99Free shipping,1,,–,"Nov 21, 2023"
27,", preview full size imageEducational Learning Tablet Toys for Age 3 4 5 6 7 8 9 Year Old Boys Girls KidsEducational Learning Tablet Toys for Age 3 4 5 6 7 8 9 Year Old Boys Girls Kids",EditSell Similar,$13.19Free shipping,0,,–,"Nov 21, 2023"
28,", preview full size imageEducational Toys for 1year Old Toddlers Baby Boy Girl Learning Elephant Toy GifEducational Toys for 1year Old Toddlers Baby Boy Girl Learning Elephant Toy Gif",EditSell Similar,$24.32Free shipping,0,,–,"Nov 20, 2023"
29,", preview full size imageEducational Learning Toys for 6 Months 1 2 3 Years Old Baby Interactive GameEducational Learning Toys for 6 Months 1 2 3 Years Old Baby Interactive Game",EditSell Similar,$10.00+$16.25 shipping,0,–,–,"Nov 20, 2023"
30,", preview full size imageWooden Learning Educational Board (ABC, Numbers & Shapes) For 2 Years Old Pack 1Wooden Learning Educational Board (ABC, Numbers & Shapes) For 2 Years Old Pack 1",EditSell Similar,$29.36Free shipping,0,,–,"Nov 19, 2023"
31,", preview full size imageEducational Learning Toys for Kids Toddlers Age 3 4 5 6 7 8 Years Old Boys GirlsEducational Learning Toys for Kids Toddlers Age 3 4 5 6 7 8 Years Old Boys Girls",EditSell Similar,$16.79Free shipping,2,,–,"Nov 19, 2023"
32,", preview full size imageChristmas Toy for 3 Year Old Kids Learning Toy Age 1-6 Boys Girls Educational USChristmas Toy for 3 Year Old Kids Learning Toy Age 1-6 Boys Girls Educational US",EditSell Similar,$16.95Free shipping,1,,–,"Nov 19, 2023"
33,", preview full size imageEducational Tablet Learning Toys for Kids Age 1 2 3 4 5 6 Years Old Boys GirlsEducational Tablet Learning Toys for Kids Age 1 2 3 4 5 6 Years Old Boys Girls",EditSell Similar,$16.95Free shipping,3,,–,"Nov 18, 2023"
34,", preview full size imageEducational Learning Toys for Kids Toddlers Age 3 4 5 6 7 8 Years Old Boys GirlsEducational Learning Toys for Kids Toddlers Age 3 4 5 6 7 8 Years Old Boys Girls",EditSell Similar,$37.65Free shipping,2,,–,"Nov 18, 2023"
35,", preview full size imageEarly Educational Learning Toys for Kids Toddlers Age 2 3 4 5 6 7 Years Old GiftEarly Educational Learning Toys for Kids Toddlers Age 2 3 4 5 6 7 Years Old Gift",EditSell Similar,$16.95Free shipping,0,,–,"Nov 18, 2023"
36,", preview full size imageEducational Learning Toys for Kids Toddlers Age 2 3 4 5 6 7 Years Old Boys GirlsEducational Learning Toys for Kids Toddlers Age 2 3 4 5 6 7 Years Old Boys Girls",EditSell Similar,$16.95Free shipping,0,,–,"Nov 18, 2023"
37,", preview full size imageEducational Toys for 1 2 3 Year Old Kids Toddlers Musical Puppy Dog Activity NEWEducational Toys for 1 2 3 Year Old Kids Toddlers Musical Puppy Dog Activity NEW",EditSell Similar,$31.50Free shipping,0,,–,"Nov 18, 2023"
38,", preview full size imageToys for Kids Learning Tablet Girls Boys Educational Gift 3 to 12 Years Old USToys for Kids Learning Tablet Girls Boys Educational Gift 3 to 12 Years Old US",EditSell Similar,$16.85Free shipping,0,,–,"Nov 18, 2023"
39,", preview full size imageEducational Learning Tablet Musical Pad Toy for Age 1 2 3 4 5 6 Years Old GrilsEducational Learning Tablet Musical Pad Toy for Age 1 2 3 4 5 6 Years Old Grils",EditSell Similar,$16.82Free shipping,0,,–,"Nov 17, 2023"
40,", preview full size imageUS Tablet Educational Learning Toys for Kids Toddlers Age 3 4 5 6 7 8 Years OldUS Tablet Educational Learning Toys for Kids Toddlers Age 3 4 5 6 7 8 Years Old",EditSell Similar,$16.39Free shipping,0,,–,"Nov 17, 2023"
41,", preview full size image1 2 3 Year Old Boys Kids Toy, Educational Learning Tablet for Toddler Boy Age 21 2 3 Year Old Boys Kids Toy, Educational Learning Tablet for Toddler Boy Age 2",EditSell Similar,$35.33Free shipping,1,,–,"Nov 16, 2023"
42,", preview full size imageMusical Toys for Kids Toddlers Girls 1 2 3 Year Olds Learning Educational PianoMusical Toys for Kids Toddlers Girls 1 2 3 Year Olds Learning Educational Piano",EditSell Similar,$36.50Free shipping,0,–,–,"Nov 14, 2023"
43,", preview full size imageMusical Toys for Kids Toddlers Baby  Girls 1 2 3 Year Olds Learning EducationalMusical Toys for Kids Toddlers Baby  Girls 1 2 3 Year Olds Learning Educational",EditSell Similar,$33.50Free shipping,0,–,–,"Nov 14, 2023"
44,", preview full size imageEducational Learning Tablet Toys For 1-6 Year Olds Toddlers Baby Kids Boy GirlEducational Learning Tablet Toys For 1-6 Year Olds Toddlers Baby Kids Boy Girl",EditSell Similar,$16.19Free shipping,0,,–,"Nov 14, 2023"
45,", preview full size imageEducational Learning Musical Toy for Baby Toddler Kid 1 2 3 4 Year Old Boy GirlsEducational Learning Musical Toy for Baby Toddler Kid 1 2 3 4 Year Old Boy Girls",EditSell Similar,$15.98Free shipping,0,,–,"Nov 13, 2023"
46,", preview full size imageEducational Learning Toys for Kids Toddlers Age 3 4 5 6 7 8 Years Old Boys GirlsEducational Learning Toys for Kids Toddlers Age 3 4 5 6 7 8 Years Old Boys Girls",EditSell Similar,$67.57Free shipping,13,,–,"Nov 11, 2023"
47,", preview full size imageEducational Toys for Toddlers Kids 1 2 3 Year Olds Learning Vacuum Musical LightEducational Toys for Toddlers Kids 1 2 3 Year Olds Learning Vacuum Musical Light",EditSell Similar,$31.50Free shipping,1,–,–,"Nov 10, 2023"
48,", preview full size imageA - Z Learn with Me Dictionary Educational Toys For Kids 1 2 3 Year Olds MusicalA - Z Learn with Me Dictionary Educational Toys For Kids 1 2 3 Year Olds Musical",EditSell Similar,$45.50Free shipping,0,–,–,"Nov 10, 2023"
49,", preview full size imageMusical Toys for Kids Toddlers Baby  1 2 3 Year Olds Learning Rhymes EducationalMusical Toys for Kids Toddlers Baby  1 2 3 Year Olds Learning Rhymes Educational",EditSell Similar,$34.50Free shipping,1,,–,"Nov 9, 2023"
0,", preview full size imageNew Educational Toys For 1-6 Year Olds Interactive Kids Learning Tablet ToddlersNew Educational Toys For 1-6 Year Olds Interactive Kids Learning Tablet Toddlers",EditSell Similar,$20.99Free shipping,0,,–,"Nov 9, 2023"
1,", preview full size imageNew Educational Toys For 1-6 Year Olds Interactive Kids Learning Tablet ToddlersNew Educational Toys For 1-6 Year Olds Interactive Kids Learning Tablet Toddlers",EditSell Similar,$20.99Free shipping,0,,–,"Nov 9, 2023"
2,", preview full size imageNew Educational Toys For 1-6 Year Olds Interactive Kids Learning Tablet ToddlersNew Educational Toys For 1-6 Year Olds Interactive Kids Learning Tablet Toddlers",EditSell Similar,$32.60Free shipping,0,,–,"Nov 9, 2023"
3,", preview full size imageNew Educational Toys For 1-6 Year Olds Interactive Kids Learning Tablet ToddlersNew Educational Toys For 1-6 Year Olds Interactive Kids Learning Tablet Toddlers",EditSell Similar,$32.70Free shipping,0,,–,"Nov 9, 2023"
4,", preview full size imageBaby Toys 12-18 Months Musical Train Kids Toys for 1 2 3 4+ Year Old Boys GirlsBaby Toys 12-18 Months Musical Train Kids Toys for 1 2 3 4+ Year Old Boys Girls",EditSell Similar,$16.99Free shipping,8,,–,"Nov 9, 2023"
5,", preview full size image3 in 1 Educational Toys for Kids 3 4 5 6 7 Year Old, Preschool Learning3 in 1 Educational Toys for Kids 3 4 5 6 7 Year Old, Preschool Learning",EditSell Similar,$40.22Free shipping,0,,–,"Nov 8, 2023"
6,", preview full size imageEducational Learning Toys for Kids Toddlers Age 3 4 5 6 7 8 Years Old Boys GirlsEducational Learning Toys for Kids Toddlers Age 3 4 5 6 7 8 Years Old Boys Girls",EditSell Similar,$44.20Free shipping,0,,–,"Nov 7, 2023"
7,", preview full size imageEducational Learning Musical Toy for Baby Toddler Kid 1 2 3 4 Year Old Boy GirlsEducational Learning Musical Toy for Baby Toddler Kid 1 2 3 4 Year Old Boy Girls",EditSell Similar,$46.63Free shipping,0,,–,"Nov 7, 2023"
8,", preview full size imageEducational Learning Musical Toy for Baby Toddler Kid 1 2 3 4 Year Old Boy GirlsEducational Learning Musical Toy for Baby Toddler Kid 1 2 3 4 Year Old Boy Girls",EditSell Similar,$17.06Free shipping,4,,–,"Nov 7, 2023"
9,", preview full size imageEducational Toys for Kids Toddlers Girls Boys 1 2 3 Year Olds Learning MusicalEducational Toys for Kids Toddlers Girls Boys 1 2 3 Year Olds Learning Musical",EditSell Similar,$29.50Free shipping,15,–,–,"Nov 6, 2023"
10,", preview full size imageEducational Toys For Kids 1 2 3 Year Olds Toddlers Boys Girls Musical LearningEducational Toys For Kids 1 2 3 Year Olds Toddlers Boys Girls Musical Learning",EditSell Similar,$25.50Free shipping,8,–,–,"Nov 6, 2023"
11,", preview full size imageEducational Toys For 1-6 Year Olds Toddlers Baby Kids Boy Girl Learning TabletEducational Toys For 1-6 Year Olds Toddlers Baby Kids Boy Girl Learning Tablet",EditSell Similar,$11.39Free shipping,0,,–,"Nov 6, 2023"
12,", preview full size imageEducational Learning Musical Toy for Baby Toddler Kid 1 2 3 4 Year Old Boy GirlsEducational Learning Musical Toy for Baby Toddler Kid 1 2 3 4 Year Old Boy Girls",EditSell Similar,$12.99Free shipping,14,,–,"Nov 5, 2023"
13,", preview full size imageEducational Toys for Kids Toddlers 1 2 3 Year Olds Learning Turn & Learn DriverEducational Toys for Kids Toddlers 1 2 3 Year Olds Learning Turn & Learn Driver",EditSell Similar,$24.50Free shipping,1,,–,"Nov 4, 2023"
14,", preview full size imageEducational Toys for Kids Toddlers Girls 1 2 3 Year Olds Learning Musical PinkEducational Toys for Kids Toddlers Girls 1 2 3 Year Olds Learning Musical Pink",EditSell Similar,$36.50Free shipping,4,–,–,"Nov 3, 2023"
15,", preview full size imageEducational Toys for Kids Toddlers 1 2 3 Year Olds Learning Vacuum Musical LightEducational Toys for Kids Toddlers 1 2 3 Year Olds Learning Vacuum Musical Light",EditSell Similar,$32.50Free shipping,7,,–,"Nov 3, 2023"
16,", preview full size image1pcs Educational Toys For 2 Year Olds Toddlers Kids Boy Girl New Learning Tablet1pcs Educational Toys For 2 Year Olds Toddlers Kids Boy Girl New Learning Tablet",EditSell Similar,$19.32Free shipping,1,,–,"Nov 1, 2023"
17,", preview full size imageEducational Toys for 1Year Old Toddlers Baby Boy Girl Learning Elephant Toy GifEducational Toys for 1Year Old Toddlers Baby Boy Girl Learning Elephant Toy Gif",EditSell Similar,$24.76Free shipping,0,–,–,"Nov 1, 2023"
18,", preview full size imageEducational Learning Toys Montessori Toys for 1 to 3-Year-Old Boys Girls PuzzleEducational Learning Toys Montessori Toys for 1 to 3-Year-Old Boys Girls Puzzle",EditSell Similar,$13.95Free shipping,0,–,–,"Nov 1, 2023"
19,", preview full size image60Pcs Learning Flash Cards Toys for 1-6-Year-Old Boys Girls, Educational Toys US60Pcs Learning Flash Cards Toys for 1-6-Year-Old Boys Girls, Educational Toys US",EditSell Similar,$24.99Free shipping,0,,–,"Oct 31, 2023"
20,", preview full size imageEducational Toys For 1 2 3 4 5 Years Old Toddler Boy Girl Preschool Learning ToyEducational Toys For 1 2 3 4 5 Years Old Toddler Boy Girl Preschool Learning Toy",EditSell Similar,$16.73Free shipping,0,,–,"Oct 26, 2023"
21,", preview full size imageEducational Learning Music Toy Cell Phone for Baby Toddlers Age 1-6 Year Old ABSEducational Learning Music Toy Cell Phone for Baby Toddlers Age 1-6 Year Old ABS",EditSell Similar,$13.91Free shipping,0,–,–,"Oct 25, 2023"
22,", preview full size imageEducational Learning Toys for Kids Toddlers Age 2 3 4 5 6 7 Years Old Boys GirlsEducational Learning Toys for Kids Toddlers Age 2 3 4 5 6 7 Years Old Boys Girls",EditSell Similar,$43.99Free shipping,0,,–,"Oct 21, 2023"
23,", preview full size imageFor 1-6 Year Olds Kids Educational Toys Baby Boy Girl Learning Tablet ToddlersFor 1-6 Year Olds Kids Educational Toys Baby Boy Girl Learning Tablet Toddlers",EditSell Similar,$8.64+$1.00 shipping,1,,–,"Oct 14, 2023"
24,", preview full size imageEducational Toys for 1Year Old Toddlers Baby Boy Girl Learning Elephant Toy GifEducational Toys for 1Year Old Toddlers Baby Boy Girl Learning Elephant Toy Gif",EditSell Similar,$24.83Free shipping,8,,–,"Oct 13, 2023"
25,", preview full size imageEducational Toys Baby Tablet For 1-6 year old Boy Girl Learning & Playing PhoneEducational Toys Baby Tablet For 1-6 year old Boy Girl Learning & Playing Phone",EditSell Similar,$13.65Free shipping,4,,–,"Oct 12, 2023"
26,", preview full size imageEducational Toys for 1Year Old Toddlers Baby Boy Girl Learning Elephant Toy GifEducational Toys for 1Year Old Toddlers Baby Boy Girl Learning Elephant Toy Gif",EditSell Similar,$24.51Free shipping,4,,–,"Oct 11, 2023"
27,", preview full size imageLearning Educational Toys for Kids Toddlers 1 2 3 4 5 6 7 8 Years Old Boys GirlsLearning Educational Toys for Kids Toddlers 1 2 3 4 5 6 7 8 Years Old Boys Girls",EditSell Similar,$16.73Free shipping,1,,–,"Oct 10, 2023"
28,", preview full size imageEducational Toys Learning Tablet Pad for Kids Toddlers Age 1 2 3 4 5 6 Years OldEducational Toys Learning Tablet Pad for Kids Toddlers Age 1 2 3 4 5 6 Years Old",EditSell Similar,$13.91Free shipping,1,,–,"Oct 9, 2023"
29,", preview full size imageWooden Activity Cube Toys for 1 2 Year Old Boy Girl Educational Learning ToyWooden Activity Cube Toys for 1 2 Year Old Boy Girl Educational Learning Toy",EditSell Similar,$25.84Free shipping,1,,–,"Oct 7, 2023"
30,", preview full size imageBaby Tablets Toys Gifts for 1 + Year Old Toddlers Learning Tablet Educational MuBaby Tablets Toys Gifts for 1 + Year Old Toddlers Learning Tablet Educational Mu",EditSell Similar,$30.56Free shipping,0,–,–,"Oct 2, 2023"
31,", preview full size imageEducational Learning Toys for Kids Toddlers Age 2 3 4 5 6 7 Years Old Boys GirlsEducational Learning Toys for Kids Toddlers Age 2 3 4 5 6 7 Years Old Boys Girls",EditSell Similar,$43.99Free shipping,0,,–,"Sep 29, 2023"
32,", preview full size imageEducational Toys For 6 Months 1 2 3 4 year Old Girl Boy Toddler Learning Educational Toys For 6 Months 1 2 3 4 year Old Girl Boy Toddler Learning ",EditSell Similar,$24.20Free shipping,0,,–,"Sep 24, 2023"
33,", preview full size imageEducational Toys Preschool Learning Tablet For 1-9 Years Old Boys Girls ToddlerEducational Toys Preschool Learning Tablet For 1-9 Years Old Boys Girls Toddler",EditSell Similar,$12.99Free shipping,1,,–,"Sep 20, 2023"
34,", preview full size imageEducational Toys for 6 Month 1 2 3 Year Old Boy Girl Toddler Learning SmartwatchEducational Toys for 6 Month 1 2 3 Year Old Boy Girl Toddler Learning Smartwatch",EditSell Similar,$17.54Free shipping,38,,–,"Sep 16, 2023"
35,", preview full size image1pcs Educational Toys For 2 Year Olds Toddlers Kids Boy Girl New Learning Tablet1pcs Educational Toys For 2 Year Olds Toddlers Kids Boy Girl New Learning Tablet",EditSell Similar,$17.59Free shipping,0,,–,"Sep 8, 2023"
36,", preview full size imageEducational Toys For 1-6 Year Olds Toddlers Baby Kids Boy Girl Learning TabletEducational Toys For 1-6 Year Olds Toddlers Baby Kids Boy Girl Learning Tablet",EditSell Similar,$11.17Free shipping,0,,–,"Sep 4, 2023"
37,", preview full size imageBaby Tablet Educational Toys Girls Toy For 1-6 Year Old Toddler Learning EnglishBaby Tablet Educational Toys Girls Toy For 1-6 Year Old Toddler Learning English",EditSell Similar,$1.05Free shipping,0,,–,"Sep 4, 2023"
38,", preview full size imageEducational Toys For 1-6 Year Olds Toddlers Baby Kids Boy Girl Learning TabletEducational Toys For 1-6 Year Olds Toddlers Baby Kids Boy Girl Learning Tablet",EditSell Similar,$12.88Free shipping,0,,–,"Aug 31, 2023"
39,", preview full size imageBaby Tablet Educational Toys Girls Toy For 1-6 Year Old Toddler Learning EnglishBaby Tablet Educational Toys Girls Toy For 1-6 Year Old Toddler Learning English",EditSell Similar,$12.88Free shipping,0,–,–,"Aug 31, 2023"
40,", preview full size imageEducational Writing Learning Toys for Kids Age 1 2 3 4 5 6 Years Old Boys GirlsEducational Writing Learning Toys for Kids Age 1 2 3 4 5 6 Years Old Boys Girls",EditSell Similar,$12.77Free shipping,5,,–,"Aug 28, 2023"
41,", preview full size imageEducational Toys Baby Tablet For 1-6 year old Boy Girl Learning & Playing Gift..Educational Toys Baby Tablet For 1-6 year old Boy Girl Learning & Playing Gift..",EditSell Similar,$4.99Free shipping,2,,–,"Aug 25, 2023"
42,", preview full size imageEducational Toys For 1 Years Old Activity Cube Wooden Toddler Learning Boys GirlEducational Toys For 1 Years Old Activity Cube Wooden Toddler Learning Boys Girl",EditSell Similar,$163.90Free shipping,0,,–,"Aug 18, 2023"
43,", preview full size imageEducational Learning Tablet Toy for Age 1 2 3 4 5 6 7 8 Year Old Boys Girls KidsEducational Learning Tablet Toy for Age 1 2 3 4 5 6 7 8 Year Old Boys Girls Kids",EditSell Similar,$16.19Free shipping,0,,–,"Aug 16, 2023"
44,", preview full size imageMontessori Toys for 1 & 2 Year Old Educational Learning Toys for 1 + Year Old...Montessori Toys for 1 & 2 Year Old Educational Learning Toys for 1 + Year Old...",EditSell Similar,$9.99+$8.94 shipping,0,–,–,"Aug 14, 2023"
45,", preview full size image13.5"" 10"" Educational Learning Toys Gift for Kids Age 1 2 3 4 5 6 7 8 Years Old13.5"" 10"" Educational Learning Toys Gift for Kids Age 1 2 3 4 5 6 7 8 Years Old",EditSell Similar,$12.89Free shipping,1,,–,"Aug 3, 2023"
46,", preview full size imageEducational Toys Baby Tablet For 1-6 year old Boy Girl Learning & Playing GiftEducational Toys Baby Tablet For 1-6 year old Boy Girl Learning & Playing Gift",EditSell Similar,$9.89+$1.39 shipping,0,,–,"Jul 8, 2023"
47,", preview full size imageEducational Learning Toys Interactive for Kids Toddlers 1-6 Years Old Boys GirlsEducational Learning Toys Interactive for Kids Toddlers 1-6 Years Old Boys Girls",EditSell Similar,$15.99Free shipping,0,,–,"Jun 16, 2023"
48,", preview full size imageEducational Toys Baby Tablet For 1-6 year old Boy Girl Learning & Playing GiftEducational Toys Baby Tablet For 1-6 year old Boy Girl Learning & Playing Gift",EditSell Similar,$11.23+$2.00 shipping,0,,–,"Jun 2, 2023"
49,", preview full size imageBaby Tablet Educational Toy For 1-6 Year Old Toddler Boys Girls Learning EnglishBaby Tablet Educational Toy For 1-6 Year Old Toddler Boys Girls Learning English",EditSell Similar,$11.23+$2.00 shipping,0,,–,"Jun 2, 2023"
0,", preview full size imageNew Educational Toys For 1-6 Year Olds Interactive Kids Learning Tablet ToddlersNew Educational Toys For 1-6 Year Olds Interactive Kids Learning Tablet Toddlers",EditSell Similar,$11.37+$2.00 shipping,0,,–,"Jun 2, 2023"
1,", preview full size imageEducational Learning Toys For Kids Toddlers Age 1 2 3 4 5 6 Years Old Boys GirlsEducational Learning Toys For Kids Toddlers Age 1 2 3 4 5 6 Years Old Boys Girls",EditSell Similar,$17.24Free shipping,5,,–,"May 30, 2023"
2,", preview full size imageUS 1-2 Pc Educational Learning Toys For Kids Toddlers Age 3 4 5 6 7 8 Years OldUS 1-2 Pc Educational Learning Toys For Kids Toddlers Age 3 4 5 6 7 8 Years Old",EditSell Similar,$12.79Free shipping,0,,–,"May 29, 2023"
3,", preview full size imageFor 1-7 Year Olds Kid Educational Toys Baby Toddler Tablet Toy Learning TabletFor 1-7 Year Olds Kid Educational Toys Baby Toddler Tablet Toy Learning Tablet",EditSell Similar,$13.99Free shipping,0,,–,"May 28, 2023"
4,", preview full size imageEducational Learning Toys for Kids Toddlers Age 2 3 4 5 6 7 Years Old Boys GirlsEducational Learning Toys for Kids Toddlers Age 2 3 4 5 6 7 Years Old Boys Girls",EditSell Similar,$23.90Free shipping,28,,–,"May 28, 2023"
5,", preview full size imageEducational Learning Musical Toy for Baby Toddler Kid 1 2 3 4 Year Old Boy GirlsEducational Learning Musical Toy for Baby Toddler Kid 1 2 3 4 Year Old Boy Girls",EditSell Similar,$16.22Free shipping,30,,–,"May 27, 2023"
6,", preview full size imageEducational Learning Toys for 6 Months 1 2 3 Years Old Baby Interactive GameEducational Learning Toys for 6 Months 1 2 3 Years Old Baby Interactive Game",EditSell Similar,$15.99Free shipping,1,–,–,"May 19, 2023"
7,", preview full size imageEducational Learning Musical Toy for Baby Toddler Kid 1 2 3 4 Year Old Boy GirlsEducational Learning Musical Toy for Baby Toddler Kid 1 2 3 4 Year Old Boy Girls",EditSell Similar,$18.06Free shipping,1,,–,"May 17, 2023"
8,", preview full size imageEducational Baby Toys Tablet Cellphone For 1-7 Year Old Toddler Learning Gift USEducational Baby Toys Tablet Cellphone For 1-7 Year Old Toddler Learning Gift US",EditSell Similar,$13.83Free shipping,1,,–,"May 16, 2023"
9,", preview full size imageNew Educational Toys For 1-6 Year Olds Interactive Kids Learning Tablet ToddlersNew Educational Toys For 1-6 Year Olds Interactive Kids Learning Tablet Toddlers",EditSell Similar,$11.67Free shipping,0,,–,"May 16, 2023"
10,", preview full size imageEducational Toys Baby Tablet For 1-6 year old Boy Girl Learning & Playing GiftEducational Toys Baby Tablet For 1-6 year old Boy Girl Learning & Playing Gift",EditSell Similar,$4.99Free shipping,1,,–,"May 16, 2023"
11,", preview full size imageNew Educational Toys For 1-6 Year Olds Interactive Kids Learning Tablet ToddlersNew Educational Toys For 1-6 Year Olds Interactive Kids Learning Tablet Toddlers",EditSell Similar,$5.69+$3.00 shipping,0,,–,"May 14, 2023"
12,", preview full size imageBaby Tablet Educational Toy For 1-6 Year Old Toddler Boys Girls Learning EnglishBaby Tablet Educational Toy For 1-6 Year Old Toddler Boys Girls Learning English",EditSell Similar,$5.61+$3.00 shipping,0,,–,"May 14, 2023"
13,", preview full size imageEducational Toys Baby Tablet For 1-6 year old Boy Girl Learning & Playing GiftEducational Toys Baby Tablet For 1-6 year old Boy Girl Learning & Playing Gift",EditSell Similar,$5.61+$3.00 shipping,0,,–,"May 14, 2023"
14,", preview full size imageNew Educational Toys For 1-6 Year Olds Interactive Kids Learning Tablet ToddlersNew Educational Toys For 1-6 Year Olds Interactive Kids Learning Tablet Toddlers",EditSell Similar,$4.99Free shipping,15,,–,"May 14, 2023"
15,", preview full size imageEducational Toys Baby Tablet For 1-6 year old Boy Girl Learning & Playing GiftEducational Toys Baby Tablet For 1-6 year old Boy Girl Learning & Playing Gift",EditSell Similar,$4.99+$5.00 shipping,3,,–,"May 14, 2023"
16,", preview full size imageBaby Tablet Educational Toy For 1-6 Year Old Toddler Boys Girls Learning EnglishBaby Tablet Educational Toy For 1-6 Year Old Toddler Boys Girls Learning English",EditSell Similar,$4.99Free shipping,8,,–,"May 14, 2023"
17,", preview full size imageNew Educational Toys For 1-6 Year Olds Interactive Kids Learning Tablet ToddlersNew Educational Toys For 1-6 Year Olds Interactive Kids Learning Tablet Toddlers",EditSell Similar,$11.80+$2.00 shipping,0,,–,"May 1, 2023"
18,", preview full size imageJUZBOT Montessori Toys Wooden Educational Learning Toys for 1 2 3 4 Year Old,...JUZBOT Montessori Toys Wooden Educational Learning Toys for 1 2 3 4 Year Old,...",EditSell Similar,$25.95Free shipping,0,,–,"Apr 26, 2023"
19,", preview full size imageMini Tablet Educational Toy For 2-8 Year Old Toddler Boys Girls Learning EnglishMini Tablet Educational Toy For 2-8 Year Old Toddler Boys Girls Learning English",EditSell Similar,$6.99Free shipping,2,,–,"Apr 14, 2023"
20,", preview full size imageBlue MINI PAD Educational Learning Toys For 2-8 Year Olds Toddlers Baby Kids NEWBlue MINI PAD Educational Learning Toys For 2-8 Year Olds Toddlers Baby Kids NEW",EditSell Similar,$16.87Free shipping,0,,–,"Apr 14, 2023"
21,", preview full size imageCreative Early Learning Tablet Educational Toys For 3 4 5 6 7 Year Old Baby KidsCreative Early Learning Tablet Educational Toys For 3 4 5 6 7 Year Old Baby Kids",EditSell Similar,$16.89Free shipping,1,,–,"Apr 10, 2023"
22,", preview full size imageFor 1-6 Year Olds Baby Kids Educational Toys Toddlers Boy Girl Learning TabletFor 1-6 Year Olds Baby Kids Educational Toys Toddlers Boy Girl Learning Tablet",EditSell Similar,$9.96Free shipping,1,,–,"Mar 27, 2023"
23,", preview full size imageEducational Learning Toys for Toddlers 1 2 3 Year Old Girl Boy Gift for BirthdayEducational Learning Toys for Toddlers 1 2 3 Year Old Girl Boy Gift for Birthday",EditSell Similar,$20.23Free shipping,1,,–,"Mar 22, 2023"
24,", preview full size imageEducational Learning Toys for 6 Months 1 2 3 Years Old Baby Toddlers Boys GirlsEducational Learning Toys for 6 Months 1 2 3 Years Old Baby Toddlers Boys Girls",EditSell Similar,$11.75Free shipping,2,,–,"Mar 15, 2023"
25,", preview full size imageEducational Learning Toys for 6 Months 1 2 3 Years Old Baby Toddlers Boys GirlsEducational Learning Toys for 6 Months 1 2 3 Years Old Baby Toddlers Boys Girls",EditSell Similar,$34.99Free shipping,0,,–,"Mar 12, 2023"
26,", preview full size imageEducational Toys For 6 Month 1 2 3 year Old Boy Girl Toddler Learning SmartwatchEducational Toys For 6 Month 1 2 3 year Old Boy Girl Toddler Learning Smartwatch",EditSell Similar,$14.00+$5.70 shipping,0,,–,"Mar 9, 2023"
27,", preview full size imageMontessori Toys for 1 2 Year Old Toddler Learning Educational Wooden Toys PuzzleMontessori Toys for 1 2 Year Old Toddler Learning Educational Wooden Toys Puzzle",EditSell Similar,$20.99Free shipping,1,,–,"Mar 2, 2023"
28,", preview full size imageEducational Tablet Toys w/ Numbers ,Letters & Music For 1-7 Year Olds Baby KidsEducational Tablet Toys w/ Numbers ,Letters & Music For 1-7 Year Olds Baby Kids",EditSell Similar,$13.99Free shipping,2,,–,"Feb 22, 2023"
29,", preview full size image3 in1 Educational Learning Toys for Kids Toddlers Age 3 5 6 Years Old Girls Boys3 in1 Educational Learning Toys for Kids Toddlers Age 3 5 6 Years Old Girls Boys",EditSell Similar,$30.96Free shipping,0,,–,"Feb 22, 2023"
30,", preview full size imageEducational Toys Baby Toddler Tablet Toy Learning Tablet For 1-7 Year Olds KidEducational Toys Baby Toddler Tablet Toy Learning Tablet For 1-7 Year Olds Kid",EditSell Similar,$13.99Free shipping,2,,–,"Feb 8, 2023"
31,", preview full size imageEducational Toys For 1-7 Year Olds Kid Baby Toddler Tablet Toy Learning TabletEducational Toys For 1-7 Year Olds Kid Baby Toddler Tablet Toy Learning Tablet",EditSell Similar,$13.99Free shipping,2,,–,"Feb 8, 2023"
32,", preview full size imageEducational Toys Baby Tablet For 1-6 year old Boy Girl Learning & Playing ToyEducational Toys Baby Tablet For 1-6 year old Boy Girl Learning & Playing Toy",EditSell Similar,$9.75Free shipping,1,,–,"Feb 6, 2023"
33,", preview full size imageEducational Toys For 1-6 Year Olds Toddlers Baby Kids Boy Girl Learning TabletEducational Toys For 1-6 Year Olds Toddlers Baby Kids Boy Girl Learning Tablet",EditSell Similar,$13.98Free shipping,0,,–,"Feb 2, 2023"
34,", preview full size imageNew Educational Toys Baby Tablet For 1-6 Year Old Boy Girl Learning Playing GiftNew Educational Toys Baby Tablet For 1-6 Year Old Boy Girl Learning Playing Gift",EditSell Similar,$18.36Free shipping,0,–,–,"Jan 22, 2023"
35,", preview full size imageEducational Toys for 1Year Old Toddlers Baby Boy Girl Learning Elephant Toy GifEducational Toys for 1Year Old Toddlers Baby Boy Girl Learning Elephant Toy Gif",EditSell Similar,$22.87Free shipping,18,,–,"Jan 10, 2023"
36,", preview full size imageBaby Tablet Educational Toys Girls Toy for 1 or 2 Year Old Toddler Learning ToysBaby Tablet Educational Toys Girls Toy for 1 or 2 Year Old Toddler Learning Toys",EditSell Similar,$13.74Free shipping,0,–,–,"Jan 8, 2023"
37,", preview full size imageEducational Toys For 6 Month 1 2 3 year Old Boy Girl Toddler Learning SmartwatchEducational Toys For 6 Month 1 2 3 year Old Boy Girl Toddler Learning Smartwatch",EditSell Similar,$22.53Free shipping,1,,–,"Dec 22, 2022"
38,", preview full size imageMusical Toys For Girls Baby Kids Toddlers 1 2 3 Year Old Learning & EducationalMusical Toys For Girls Baby Kids Toddlers 1 2 3 Year Old Learning & Educational",EditSell Similar,$35.50Free shipping,15,,–,"Dec 14, 2022"
39,", preview full size imageMusical Toys For Girls Baby Kids Toddlers 1 2 3 Year Old Learning & EducationalMusical Toys For Girls Baby Kids Toddlers 1 2 3 Year Old Learning & Educational",EditSell Similar,$34.99Free shipping,8,,–,"Dec 10, 2022"
40,", preview full size imageEducational Learning for Kids Toys for Age 4 5 6 7 8+ Years Old Boys Girls GiftEducational Learning for Kids Toys for Age 4 5 6 7 8+ Years Old Boys Girls Gift",EditSell Similar,$16.39Free shipping,0,,–,"Dec 8, 2022"
41,", preview full size imageMontessori Toys For 1 2 Year Old, Toddler Learning Educational Wooden ToysMontessori Toys For 1 2 Year Old, Toddler Learning Educational Wooden Toys",EditSell Similar,$19.99Free shipping,1,,–,"Dec 6, 2022"
42,", preview full size imageMusical Toys For Girls Baby Kids Toddlers 1 2 3 Year Old Learning & EducationalMusical Toys For Girls Baby Kids Toddlers 1 2 3 Year Old Learning & Educational",EditSell Similar,$35.50Free shipping,15,,–,"Dec 3, 2022"
43,", preview full size imageEducational Learning Toys for Toddlers 1 2 3 Year Old Girl Boy Gift for BirthdayEducational Learning Toys for Toddlers 1 2 3 Year Old Girl Boy Gift for Birthday",EditSell Similar,$26.95Free shipping,19,,–,"Nov 18, 2022"
44,", preview full size imageKids Boy Girl Educational Toys For 1-6 Year Old Toddlers Baby Learning TabletKids Boy Girl Educational Toys For 1-6 Year Old Toddlers Baby Learning Tablet",EditSell Similar,$16.39Free shipping,0,,–,"Nov 17, 2022"
45,", preview full size imageEarly Education Toys For 1-8 Year Olds Toddlers Baby Kids Learning & PlayingEarly Education Toys For 1-8 Year Olds Toddlers Baby Kids Learning & Playing",EditSell Similar,$13.21Free shipping,4,,–,"Nov 11, 2022"
46,", preview full size imageEducational Toys Cell Phone For 1-8 Year Olds Toddler Baby Kids Learning PlayingEducational Toys Cell Phone For 1-8 Year Olds Toddler Baby Kids Learning Playing",EditSell Similar,$13.99Free shipping,0,,–,"Nov 2, 2022"
47,", preview full size imageEducation Learning Baby Toy Kids Toddler Musical Train Gift for1 2 3 4 Year OldsEducation Learning Baby Toy Kids Toddler Musical Train Gift for1 2 3 4 Year Olds",EditSell Similar,$41.78Free shipping,1,,–,"Oct 31, 2022"
48,", preview full size imageEducational Learning Toys for 6 Months 1 2 3 Years Old Baby Toddlers Boys GirlsEducational Learning Toys for 6 Months 1 2 3 Years Old Baby Toddlers Boys Girls",EditSell Similar,$30.90Free shipping,0,,–,"Oct 31, 2022"
49,", preview full size imageEducational Learning Toys for 6 Months 1 2 3 Years Old Baby Toddlers Boys GirlsEducational Learning Toys for 6 Months 1 2 3 Years Old Baby Toddlers Boys Girls",EditSell Similar,$30.66Free shipping,5,,–,"Oct 31, 2022"
0,", preview full size imageBaby Tablet For 1-6 year old Boy Girl Learning Educational Toy Gift for KidsBaby Tablet For 1-6 year old Boy Girl Learning Educational Toy Gift for Kids",EditSell Similar,$11.87Free shipping,0,,–,"Oct 28, 2022"
1,", preview full size imageEducational Toys For 1-6 Year Olds Toddlers Baby Kids Boy Girl Learning TabletEducational Toys For 1-6 Year Olds Toddlers Baby Kids Boy Girl Learning Tablet",EditSell Similar,$8.71Free shipping,3,,–,"Oct 25, 2022"
2,", preview full size imageTouch Screen Educational Learning Toys Cell Phone for Kids Age 1 2 3 4 Years OldTouch Screen Educational Learning Toys Cell Phone for Kids Age 1 2 3 4 Years Old",EditSell Similar,$12.99Free shipping,7,,–,"Oct 17, 2022"
3,", preview full size imageBaby Learning Pad Educational Game Toys Girl Xmas Gift for 1 2 3 4 5 6 Years OldBaby Learning Pad Educational Game Toys Girl Xmas Gift for 1 2 3 4 5 6 Years Old",EditSell Similar,$15.99Free shipping,3,,–,"Oct 17, 2022"
4,", preview full size imageEducational Learning Ipad Baby Toy for 1 2 3 Year Old Boys Girls Early EducationEducational Learning Ipad Baby Toy for 1 2 3 Year Old Boys Girls Early Education",EditSell Similar,$15.99Free shipping,10,,–,"Oct 16, 2022"
5,", preview full size imageLearning Baby Toy with Voice for 1 2 3 4 5 6 Year Old Boys Girls Early EducationLearning Baby Toy with Voice for 1 2 3 4 5 6 Year Old Boys Girls Early Education",EditSell Similar,$15.99Free shipping,3,,–,"Oct 16, 2022"
6,", preview full size imageIntelligent Learning Toys for 1 2 3 4 5 6 7 Year Old Boys Girls Early EducationIntelligent Learning Toys for 1 2 3 4 5 6 7 Year Old Boys Girls Early Education",EditSell Similar,$13.91Free shipping,8,,–,"Oct 11, 2022"
7,", preview full size imageEducational Tablet Toys For 1-7 Year Olds Toddlers Baby Kids Learning & PlayingEducational Tablet Toys For 1-7 Year Olds Toddlers Baby Kids Learning & Playing",EditSell Similar,$16.33Free shipping,4,,–,"Oct 10, 2022"
8,", preview full size imageEducational Toys Baby Tablet For 1-6 year old Boy Girl Learning & Playing USEducational Toys Baby Tablet For 1-6 year old Boy Girl Learning & Playing US",EditSell Similar,$16.83Free shipping,1,,–,"Oct 10, 2022"
9,", preview full size imageFor 1-6 Year Olds Kids Toddlers Educational Toys Baby Boy Girl Learning Tablet.For 1-6 Year Olds Kids Toddlers Educational Toys Baby Boy Girl Learning Tablet.",EditSell Similar,$7.43+$2.99 shipping,2,,–,"Oct 7, 2022"
10,", preview full size imageBaby Tablet Educational Toys For 1-6 Year Olds Toddlers Kids Boy Girl LearningBaby Tablet Educational Toys For 1-6 Year Olds Toddlers Kids Boy Girl Learning",EditSell Similar,$12.74Free shipping,4,,–,"Sep 28, 2022"
11,", preview full size imageLaugh & Learn Light-up Vacuums Education Toys For 1 2 3 4 Year Old - Learning Laugh & Learn Light-up Vacuums Education Toys For 1 2 3 4 Year Old - Learning ",EditSell Similar,$25.80Free shipping,0,–,–,"Jun 14, 2022"
12,", preview full size imagefor Toddlers Baby Kids Boys Girls 1 2 3 4 5 Years Old Educational Learning Toys.for Toddlers Baby Kids Boys Girls 1 2 3 4 5 Years Old Educational Learning Toys.",EditSell Similar,$10.88Free shipping,36,–,–,"May 13, 2022"
13,", preview full size imageBaby Tablet Educational Toys Girls Toy For 1-6 Year Old Toddler Learning EnglishBaby Tablet Educational Toys Girls Toy For 1-6 Year Old Toddler Learning English",EditSell Similar,$13.00Free shipping,0,,–,"Apr 27, 2022"
14,", preview full size image Boys Girls Educational Learning Toys for Toddlers Baby Kids 1 2 3 4 5 Years Old Boys Girls Educational Learning Toys for Toddlers Baby Kids 1 2 3 4 5 Years Old",EditSell Similar,$17.77Free shipping,0,,–,"Apr 14, 2022"
15,", preview full size imageToys for 6 Months 1 2 3 Years Old Baby Educational Learning  Toddlers Boys GirlsToys for 6 Months 1 2 3 Years Old Baby Educational Learning  Toddlers Boys Girls",EditSell Similar,$19.69Free shipping,0,–,–,"Apr 11, 2022"
16,", preview full size imageEducational Toys For 6 Month 1 2 3 Year Old Boy Girl Toddler Learning SmartwatchEducational Toys For 6 Month 1 2 3 Year Old Boy Girl Toddler Learning Smartwatch",EditSell Similar,$14.50Free shipping,14,,–,"Mar 25, 2022"
17,", preview full size imageEducational Learning Musical Toy for Baby Toddler Kid 1 2 3 4 Year Old Boy Girl.Educational Learning Musical Toy for Baby Toddler Kid 1 2 3 4 Year Old Boy Girl.",EditSell Similar,$14.77Free shipping,5,,–,"Mar 20, 2022"
18,", preview full size imageEarly Learning Educational Toy For 1-7 Year Olds Toddler Baby Kids Tablet USEarly Learning Educational Toy For 1-7 Year Olds Toddler Baby Kids Tablet US",EditSell Similar,$13.70Free shipping,1,–,–,"Mar 19, 2022"
19,", preview full size imageMontessori Educational Learning Toys for Toddlers 1 2 3 4 Year Olds Baby KidsMontessori Educational Learning Toys for Toddlers 1 2 3 4 Year Olds Baby Kids",EditSell Similar,$23.99Free shipping,7,,–,"Mar 18, 2022"
20,", preview full size imageBaby Tablet Educational Toys Girls Toy For 1-6 Year Old Toddler Learning EnglishBaby Tablet Educational Toys Girls Toy For 1-6 Year Old Toddler Learning English",EditSell Similar,$13.00Free shipping,0,,–,"Dec 29, 2021"
21,", preview full size imageEducational Learning Musical Toy for Baby Toddler Kid 1 2 3 4 Year Old Boy GirlsEducational Learning Musical Toy for Baby Toddler Kid 1 2 3 4 Year Old Boy Girls",EditSell Similar,$17.98Free shipping,34,,–,"Dec 24, 2021"
22,", preview full size imageEducational Learning Musical Phone Toy for Baby Kids 1 2 3 4 Year Old Boy GirlsEducational Learning Musical Phone Toy for Baby Kids 1 2 3 4 Year Old Boy Girls",EditSell Similar,$13.73Free shipping,4,,–,"Dec 21, 2021"
23,", preview full size imageEducational Learning Toys for 6 Months 1 2 3 Years Old Baby Toddlers Boys GirlsEducational Learning Toys for 6 Months 1 2 3 Years Old Baby Toddlers Boys Girls",EditSell Similar,$12.70Free shipping,2,,–,"Dec 15, 2021"
24,", preview full size imageEducational Learning Musical Toy for Baby Toddler Kid 1 2 3 4 Year Old Boy GirlsEducational Learning Musical Toy for Baby Toddler Kid 1 2 3 4 Year Old Boy Girls",EditSell Similar,$38.93Free shipping,5,,–,"Dec 13, 2021"
25,", preview full size imageEducational Learning Musical Toy for Baby Toddler Kid 1 2 3 4 Year Old Boy GirlsEducational Learning Musical Toy for Baby Toddler Kid 1 2 3 4 Year Old Boy Girls",EditSell Similar,$19.64Free shipping,28,,–,"Dec 13, 2021"
26,", preview full size imageEducational Learning Musical Toy for Baby Toddler Kid 1 2 3 4 Year Old Boy GirlsEducational Learning Musical Toy for Baby Toddler Kid 1 2 3 4 Year Old Boy Girls",EditSell Similar,$12.17Free shipping,17,,–,"Dec 6, 2021"
27,", preview full size imageEducational Learning Musical Toy for Baby Toddler Kid 1 2 3 4 Year Old Boy GirlsEducational Learning Musical Toy for Baby Toddler Kid 1 2 3 4 Year Old Boy Girls",EditSell Similar,$38.61Free shipping,2,,–,"Dec 6, 2021"
28,", preview full size imageEducational Learning Musical Toy for Baby Toddler Kid 1 2 3 4 Year Old Boy GirlsEducational Learning Musical Toy for Baby Toddler Kid 1 2 3 4 Year Old Boy Girls",EditSell Similar,$14.01Free shipping,3,,–,"Dec 5, 2021"
29,", preview full size imageEducational Learning Musical Toy for Baby Toddler Kid 1 2 3 4 Year Old Boy GirlsEducational Learning Musical Toy for Baby Toddler Kid 1 2 3 4 Year Old Boy Girls",EditSell Similar,$19.47Free shipping,15,,–,"Dec 5, 2021"
30,", preview full size imageEducational Learning Toys for 6-12 Month 1 2 3 Year Old Boys Girls Birthday GiftEducational Learning Toys for 6-12 Month 1 2 3 Year Old Boys Girls Birthday Gift",EditSell Similar,$11.69Free shipping,89,,–,"Nov 10, 2021"
31,", preview full size imageEducational Learning Toys for 1 2 3 4 5 6 7 8 Years Old Baby Toddlers Boys GirlsEducational Learning Toys for 1 2 3 4 5 6 7 8 Years Old Baby Toddlers Boys Girls",EditSell Similar,$16.64+$10.00 shipping,7,,–,"Oct 27, 2021"
32,", preview full size imageEducational Toys For 6 Months 1 2 3 4 year Old Girl Boy Toddler Learning MusicalEducational Toys For 6 Months 1 2 3 4 year Old Girl Boy Toddler Learning Musical",EditSell Similar,$39.00Free shipping,0,–,–,"Oct 27, 2021"
33,", preview full size imageEducational Learning Toys for 6 Months 1 2 3 Years Old Baby Toddlers Boys GirlsEducational Learning Toys for 6 Months 1 2 3 Years Old Baby Toddlers Boys Girls",EditSell Similar,$25.65Free shipping,7,,–,"Oct 16, 2021"
34,", preview full size imageEducational Learning Toys for 6 Months 1 2 3 Years Old Baby Toddlers Boys GirlsEducational Learning Toys for 6 Months 1 2 3 Years Old Baby Toddlers Boys Girls",EditSell Similar,$21.13+$10.00 shipping,8,,–,"Oct 16, 2021"
35,", preview full size imageEducational Toys Baby Tablet For 1-6 year old Boy Girl Learning & Playing GiftEducational Toys Baby Tablet For 1-6 year old Boy Girl Learning & Playing Gift",EditSell Similar,$2.72+$3.99 shipping,1,,–,"Oct 13, 2021"
36,", preview full size imageEducational Toys For 6 Months 1 2 3 year Olds Boy Girl Toddler Learn FlashlightEducational Toys For 6 Months 1 2 3 year Olds Boy Girl Toddler Learn Flashlight",EditSell Similar,$25.33Free shipping,12,–,–,"Oct 8, 2021"
37,", preview full size imageEducational Learning Toys for 6 Months 1 2 3 Years Old Baby Toddlers Boys GirlsEducational Learning Toys for 6 Months 1 2 3 Years Old Baby Toddlers Boys Girls",EditSell Similar,$29.99Free shipping,9,,–,"Sep 29, 2021"
38,", preview full size imageEducational Learning Toys for 6 Months 1 2 3 Years Old Baby Toddlers Boys GirlsEducational Learning Toys for 6 Months 1 2 3 Years Old Baby Toddlers Boys Girls",EditSell Similar,$12.29Free shipping,47,,–,"Sep 25, 2021"
39,", preview full size imageEducational Toy Baby Tablet For 1-6 year old Boy Girl Learning Creative Toy GiftEducational Toy Baby Tablet For 1-6 year old Boy Girl Learning Creative Toy Gift",EditSell Similar,$8.08Free shipping,3,,–,"Sep 24, 2021"
40,", preview full size imageEducational Toys Baby Tablet For 1-6 year old Boy Girl Learning & Playing GiftEducational Toys Baby Tablet For 1-6 year old Boy Girl Learning & Playing Gift",EditSell Similar,$11.65+$2.00 shipping,6,,–,"Sep 21, 2021"
41,", preview full size imageEducational Learning Kids Tablet 1-7 Year Old Toddlers Gift for Girls Children'sEducational Learning Kids Tablet 1-7 Year Old Toddlers Gift for Girls Children's",EditSell Similar,$17.00Free shipping,0,–,–,"Sep 7, 2021"
42,", preview full size imageEducational Learning Kids Tablet Gift for 1-6 Year Old Toddlers Boys Girls ToyEducational Learning Kids Tablet Gift for 1-6 Year Old Toddlers Boys Girls Toy",EditSell Similar,$15.00Free shipping,0,–,–,"Sep 7, 2021"
43,", preview full size imageEducational Learning Book gift set of 10 for Toddlers Baby Kids 1 2 3 Years OldEducational Learning Book gift set of 10 for Toddlers Baby Kids 1 2 3 Years Old",EditSell Similar,$22.92Free shipping,19,,–,"Sep 6, 2021"
44,", preview full size imageWooden Puzzles Game Learning Toys Animals Vehicles for Toddlers 1 2 3 Years Old Wooden Puzzles Game Learning Toys Animals Vehicles for Toddlers 1 2 3 Years Old ",EditSell Similar,$27.07Free shipping,0,,–,"Sep 5, 2021"
45,", preview full size imageEducational Learning Musical Toy for Baby Toddler Kid 1 2 3 4 Year Old Boy GirlsEducational Learning Musical Toy for Baby Toddler Kid 1 2 3 4 Year Old Boy Girls",EditSell Similar,$14.01Free shipping,28,,–,"Sep 5, 2021"
46,", preview full size imageBaby Tablet Educational Toy For 1-6 Year Old Toddler Boys Girls Learning EnglishBaby Tablet Educational Toy For 1-6 Year Old Toddler Boys Girls Learning English",EditSell Similar,$11.65+$2.00 shipping,0,,–,"Aug 3, 2021"
47,", preview full size imageLearning & Educational Musical Toys Gift For Kids Toddlers 1 to 3 Year Old, USA*Learning & Educational Musical Toys Gift For Kids Toddlers 1 to 3 Year Old, USA*",EditSell Similar,$28.15Free shipping,52,,–,"Jun 26, 2021"
48,", preview full size imageEducational Learning Toys for 6 Months 1 2 3 Years Old Baby Toddlers Boys GirlsEducational Learning Toys for 6 Months 1 2 3 Years Old Baby Toddlers Boys Girls",EditSell Similar,$17.99Free shipping,8,,–,"Jun 21, 2021"
49,", preview full size imageEducational Learning Toys for 6 Months 1 2 3 Years Old Baby Toddlers Boys GirlsEducational Learning Toys for 6 Months 1 2 3 Years Old Baby Toddlers Boys Girls",EditSell Similar,$17.99Free shipping,7,,–,"Jun 21, 2021"
